{
  "Profiles": [
    {
      "Name" : "Main",
      "Dynamic Profile Parent Name": "Base",
      "Guid" : "B2D08C02-7260-4C2B-8571-6723F5EED51E",
      "Ansi 5 Color" : {
        "Red Component" : 0.48439502716064453,
        "Color Space" : "Calibrated",
        "Blue Component" : 0.69540023803710938,
        "Alpha Component" : 1,
        "Green Component" : 0.35376688838005066
      },
      "Selected Text Color" : {
        "Red Component" : 0.53509843349456787,
        "Color Space" : "Calibrated",
        "Blue Component" : 0.68669921159744263,
        "Alpha Component" : 1,
        "Green Component" : 0.58715212345123291
      },
      "Ansi 11 Color" : {
        "Red Component" : 0.7222447395324707,
        "Color Space" : "Calibrated",
        "Blue Component" : 0.41537591814994812,
        "Alpha Component" : 1,
        "Green Component" : 0.65774393081665039
      },
      "Foreground Color" : {
        "Red Component" : 0.53509843349456787,
        "Color Space" : "Calibrated",
        "Blue Component" : 0.68669921159744263,
        "Alpha Component" : 1,
        "Green Component" : 0.58715212345123291
      },
      "Selection Color" : {
        "Red Component" : 0.14818099141120911,
        "Color Space" : "Calibrated",
        "Blue Component" : 0.23556342720985413,
        "Alpha Component" : 1,
        "Green Component" : 0.17735932767391205
      },
      "Ansi 4 Color" : {
        "Red Component" : 0.30794119834899902,
        "Color Space" : "Calibrated",
        "Blue Component" : 0.71343648433685303,
        "Alpha Component" : 1,
        "Green Component" : 0.46851179003715515
      },
      "Cursor Guide Color" : {
        "Red Component" : 0.64999997615814209,
        "Color Space" : "Calibrated",
        "Blue Component" : 1,
        "Alpha Component" : 0.25,
        "Green Component" : 0.9100000262260437
      },
      "Ansi 3 Color" : {
        "Red Component" : 0.64964282512664795,
        "Color Space" : "Calibrated",
        "Blue Component" : 0.31228587031364441,
        "Alpha Component" : 1,
        "Green Component" : 0.57338857650756836
      },
      "Link Color" : {
        "Red Component" : 0.71210992336273193,
        "Color Space" : "Calibrated",
        "Blue Component" : 0.68678069114685059,
        "Alpha Component" : 1,
        "Green Component" : 0.39918917417526245
      },
      "Bold Color" : {
        "Red Component" : 0.6923748254776001,
        "Color Space" : "Calibrated",
        "Blue Component" : 0.79717838764190674,
        "Alpha Component" : 1,
        "Green Component" : 0.72621655464172363
      },
      "Ansi 14 Color" : {
        "Red Component" : 0.41187411546707153,
        "Color Space" : "Calibrated",
        "Blue Component" : 0.7274823784828186,
        "Alpha Component" : 1,
        "Green Component" : 0.69508618116378784
      },
      "Ansi 2 Color" : {
        "Red Component" : 0.36978018283843994,
        "Color Space" : "Calibrated",
        "Blue Component" : 0.34890380501747131,
        "Alpha Component" : 1,
        "Green Component" : 0.55548107624053955
      },
      "Ansi 9 Color" : {
        "Red Component" : 0.7036135196685791,
        "Color Space" : "Calibrated",
        "Blue Component" : 0.52562785148620605,
        "Alpha Component" : 1,
        "Green Component" : 0.41575056314468384
      },
      "Ansi 12 Color" : {
        "Red Component" : 0.4265674352645874,
        "Color Space" : "Calibrated",
        "Blue Component" : 0.77793437242507935,
        "Alpha Component" : 1,
        "Green Component" : 0.57012981176376343
      },
      "Cursor Text Color" : {
        "Red Component" : 0.14818099141120911,
        "Color Space" : "Calibrated",
        "Blue Component" : 0.23556342720985413,
        "Alpha Component" : 1,
        "Green Component" : 0.17735932767391205
      },
      "Ansi 1 Color" : {
        "Red Component" : 0.62669533491134644,
        "Color Space" : "Calibrated",
        "Blue Component" : 0.41101956367492676,
        "Alpha Component" : 1,
        "Green Component" : 0.28179457783699036
      },
      "Cursor Color" : {
        "Red Component" : 0.380096435546875,
        "Color Space" : "Calibrated",
        "Blue Component" : 0.8722081184387207,
        "Alpha Component" : 1,
        "Green Component" : 0.55865699052810669
      },
      "Ansi 8 Color" : {
        "Red Component" : 0.25095406174659729,
        "Color Space" : "Calibrated",
        "Blue Component" : 0.41431382298469543,
        "Alpha Component" : 1,
        "Green Component" : 0.30412235856056213
      },
      "Ansi 10 Color" : {
        "Red Component" : 0.48825448751449585,
        "Color Space" : "Calibrated",
        "Blue Component" : 0.47159868478775024,
        "Alpha Component" : 1,
        "Green Component" : 0.64110451936721802
      },
      "Badge Color" : {
        "Red Component" : 1,
        "Color Space" : "Calibrated",
        "Blue Component" : 0,
        "Alpha Component" : 0.5,
        "Green Component" : 0
      },
      "Ansi 0 Color" : {
        "Red Component" : 0.14818099141120911,
        "Color Space" : "Calibrated",
        "Blue Component" : 0.23556342720985413,
        "Alpha Component" : 1,
        "Green Component" : 0.17735932767391205
      },
      "Ansi 7 Color" : {
        "Red Component" : 0.53509843349456787,
        "Color Space" : "Calibrated",
        "Blue Component" : 0.68669921159744263,
        "Alpha Component" : 1,
        "Green Component" : 0.58715212345123291
      },
      "Ansi 15 Color" : {
        "Red Component" : 0.6923748254776001,
        "Color Space" : "Calibrated",
        "Blue Component" : 0.79717838764190674,
        "Alpha Component" : 1,
        "Green Component" : 0.72621655464172363
      },
      "Ansi 6 Color" : {
        "Red Component" : 0.27997085452079773,
        "Color Space" : "Calibrated",
        "Blue Component" : 0.65957397222518921,
        "Alpha Component" : 1,
        "Green Component" : 0.61959028244018555
      },
      "Background Color" : {
        "Red Component" : 0.081756442785263062,
        "Color Space" : "Calibrated",
        "Blue Component" : 0.12333682179450989,
        "Alpha Component" : 1,
        "Green Component" : 0.094133734703063965
      },
      "Ansi 13 Color" : {
        "Red Component" : 0.60428434610366821,
        "Color Space" : "Calibrated",
        "Blue Component" : 0.76887965202331543,
        "Alpha Component" : 1,
        "Green Component" : 0.50014644861221313
      }
    }
  ]
}


