{
  "Profiles": [
    {
      "Name" : "Main",
      "Dynamic Profile Parent Name": "Base",
      "Guid" : "B2D08C02-7260-4C2B-8571-6723F5EED51E",
      "Ansi 5 Color" : {
        "Green Component" : 0.38431372549019599,
        "Red Component" : 0.69411764705882395,
        "Blue Component" : 0.52549019607843095
      },
      "Selected Text Color" : {
        "Red Component" : 0,
        "Color Space" : "sRGB",
        "Blue Component" : 0,
        "Alpha Component" : 1,
        "Green Component" : 0
      },
      "Ansi 11 Color" : {
        "Green Component" : 0.74117647058823499,
        "Red Component" : 0.98039215686274495,
        "Blue Component" : 0.18431372549019601
      },
      "Foreground Color" : {
        "Green Component" : 0.85882352941176499,
        "Red Component" : 0.92156862745098,
        "Blue Component" : 0.69803921568627403
      },
      "Selection Color" : {
        "Red Component" : 0.75742977857589722,
        "Color Space" : "sRGB",
        "Blue Component" : 1,
        "Alpha Component" : 1,
        "Green Component" : 0.86945539712905884
      },
      "Ansi 4 Color" : {
        "Green Component" : 0.52156862745097998,
        "Red Component" : 0.27058823529411802,
        "Blue Component" : 0.53333333333333299
      },
      "Cursor Guide Color" : {
        "Red Component" : 0.70213186740875244,
        "Color Space" : "sRGB",
        "Blue Component" : 1,
        "Alpha Component" : 0.25,
        "Green Component" : 0.9268307089805603
      },
      "Ansi 3 Color" : {
        "Green Component" : 0.59999999999999998,
        "Red Component" : 0.84313725490196101,
        "Blue Component" : 0.129411764705882
      },
      "Link Color" : {
        "Red Component" : 0,
        "Color Space" : "sRGB",
        "Blue Component" : 0.73423302173614502,
        "Alpha Component" : 1,
        "Green Component" : 0.35916060209274292
      },
      "Bold Color" : {
        "Red Component" : 0.99999600648880005,
        "Color Space" : "sRGB",
        "Blue Component" : 1,
        "Alpha Component" : 1,
        "Green Component" : 1
      },
      "Ansi 14 Color" : {
        "Green Component" : 0.752941176470588,
        "Red Component" : 0.55686274509803901,
        "Blue Component" : 0.48627450980392201
      },
      "Ansi 2 Color" : {
        "Green Component" : 0.59215686274509804,
        "Red Component" : 0.59607843137254901,
        "Blue Component" : 0.101960784313725
      },
      "Ansi 9 Color" : {
        "Green Component" : 0.28627450980392199,
        "Red Component" : 0.98431372549019602,
        "Blue Component" : 0.20392156862745101
      },
      "Ansi 12 Color" : {
        "Green Component" : 0.64705882352941202,
        "Red Component" : 0.51372549019607805,
        "Blue Component" : 0.59607843137254901
      },
      "Cursor Text Color" : {
        "Red Component" : 0.99999600648880005,
        "Color Space" : "sRGB",
        "Blue Component" : 1,
        "Alpha Component" : 1,
        "Green Component" : 1
      },
      "Ansi 1 Color" : {
        "Green Component" : 0.14117647058823499,
        "Red Component" : 0.80000000000000004,
        "Blue Component" : 0.113725490196078
      },
      "Cursor Color" : {
        "Red Component" : 0.7807546854019165,
        "Color Space" : "sRGB",
        "Blue Component" : 0.78076320886611938,
        "Alpha Component" : 1,
        "Green Component" : 0.7807731032371521
      },
      "Ansi 8 Color" : {
        "Green Component" : 0.435294117647059,
        "Red Component" : 0.48627450980392201,
        "Blue Component" : 0.39215686274509798
      },
      "Ansi 10 Color" : {
        "Green Component" : 0.73333333333333295,
        "Red Component" : 0.72156862745098005,
        "Blue Component" : 0.149019607843137
      },
      "Badge Color" : {
        "Red Component" : 1,
        "Color Space" : "sRGB",
        "Blue Component" : 0,
        "Alpha Component" : 0.5,
        "Green Component" : 0.1491314172744751
      },
      "Ansi 0 Color" : {
        "Green Component" : 0.15686274509803899,
        "Red Component" : 0.15686274509803899,
        "Blue Component" : 0.15686274509803899
      },
      "Ansi 7 Color" : {
        "Green Component" : 0.68235294117647105,
        "Red Component" : 0.74117647058823499,
        "Blue Component" : 0.57647058823529396
      },
      "Ansi 15 Color" : {
        "Green Component" : 0.85882352941176499,
        "Red Component" : 0.92156862745098,
        "Blue Component" : 0.69803921568627403
      },
      "Ansi 6 Color" : {
        "Green Component" : 0.61568627450980395,
        "Red Component" : 0.40784313725490201,
        "Blue Component" : 0.415686274509804
      },
      "Background Color" : {
        "Red Component" : 0.11336538940668106,
        "Color Space" : "sRGB",
        "Blue Component" : 0.12967818975448608,
        "Alpha Component" : 1,
        "Green Component" : 0.12547200918197632
      },
      "Ansi 13 Color" : {
        "Green Component" : 0.52549019607843095,
        "Red Component" : 0.82745098039215703,
        "Blue Component" : 0.60784313725490202
      }
    }
  ]
}
